Fecha,Lugar,Delito,Tasa
2024,ANDALUCÍA,I. CRIMINALIDAD CONVENCIONAL,38.01485705
2024,ARAGÓN,I. CRIMINALIDAD CONVENCIONAL,30.40786747
2024,ASTURIAS (PRINCIPADO DE),I. CRIMINALIDAD CONVENCIONAL,24.95466396
2024,BALEARS (ILLES),I. CRIMINALIDAD CONVENCIONAL,55.20782248
2024,CANARIAS,I. CRIMINALIDAD CONVENCIONAL,40.00352411
2024,CANTABRIA,I. CRIMINALIDAD CONVENCIONAL,30.86738014
2024,CASTILLA Y LEON,I. CRIMINALIDAD CONVENCIONAL,27.51795433
2024,CASTILLA - LA MANCHA,I. CRIMINALIDAD CONVENCIONAL,31.79188358
2024,CATALUÑA,I. CRIMINALIDAD CONVENCIONAL,53.5339293
2024,COMUNITAT VALENCIANA,I. CRIMINALIDAD CONVENCIONAL,45.39515873
2024,EXTREMADURA,I. CRIMINALIDAD CONVENCIONAL,24.48437699
2024,GALICIA,I. CRIMINALIDAD CONVENCIONAL,26.44656932
2024,MADRID (COMUNIDAD DE),I. CRIMINALIDAD CONVENCIONAL,46.55502259
2024,MURCIA (REGION DE),I. CRIMINALIDAD CONVENCIONAL,39.01565779
2024,NAVARRA (COMUNIDAD FORAL DE),I. CRIMINALIDAD CONVENCIONAL,42.55990376
2024,EUSKADI,I. CRIMINALIDAD CONVENCIONAL,37.37759889
2024,RIOJA (LA),I. CRIMINALIDAD CONVENCIONAL,29.69799537
2024,CIUDAD AUTÓNOMA DE CEUTA,I. CRIMINALIDAD CONVENCIONAL,35.50387968
2024,CIUDAD AUTÓNOMA DE MELILLA,I. CRIMINALIDAD CONVENCIONAL,44.4379935
2024,ESPAÑA,I. CRIMINALIDAD CONVENCIONAL,40.94174182
2023,ANDALUCÍA,I. CRIMINALIDAD CONVENCIONAL,48.01485705
2023,ARAGÓN,I. CRIMINALIDAD CONVENCIONAL,40.40786747
2023,ASTURIAS (PRINCIPADO DE),I. CRIMINALIDAD CONVENCIONAL,34.95466396
2023,BALEARS (ILLES),I. CRIMINALIDAD CONVENCIONAL,65.20782248
2023,CANARIAS,I. CRIMINALIDAD CONVENCIONAL,50.00352411
2023,CANTABRIA,I. CRIMINALIDAD CONVENCIONAL,40.86738014
2023,CASTILLA Y LEON,I. CRIMINALIDAD CONVENCIONAL,37.51795433
2023,CASTILLA - LA MANCHA,I. CRIMINALIDAD CONVENCIONAL,41.79188358
2023,CATALUÑA,I. CRIMINALIDAD CONVENCIONAL,63.5339293
2023,COMUNITAT VALENCIANA,I. CRIMINALIDAD CONVENCIONAL,55.39515873
2023,EXTREMADURA,I. CRIMINALIDAD CONVENCIONAL,34.48437699
2023,GALICIA,I. CRIMINALIDAD CONVENCIONAL,36.44656932
2023,MADRID (COMUNIDAD DE),I. CRIMINALIDAD CONVENCIONAL,56.55502259
2023,MURCIA (REGION DE),I. CRIMINALIDAD CONVENCIONAL,49.01565779
2023,NAVARRA (COMUNIDAD FORAL DE),I. CRIMINALIDAD CONVENCIONAL,52.55990376
2023,EUSKADI,I. CRIMINALIDAD CONVENCIONAL,47.37759889
2023,RIOJA (LA),I. CRIMINALIDAD CONVENCIONAL,39.69799537
2023,CIUDAD AUTÓNOMA DE CEUTA,I. CRIMINALIDAD CONVENCIONAL,45.50387968
2023,CIUDAD AUTÓNOMA DE MELILLA,I. CRIMINALIDAD CONVENCIONAL,54.4379935
2022,ESPAÑA,I. CRIMINALIDAD CONVENCIONAL,50.94174182
2022,ANDALUCÍA,I. CRIMINALIDAD CONVENCIONAL,58.01485705
2022,ARAGÓN,I. CRIMINALIDAD CONVENCIONAL,50.40786747
2022,ASTURIAS (PRINCIPADO DE),I. CRIMINALIDAD CONVENCIONAL,44.95466396
2022,BALEARS (ILLES),I. CRIMINALIDAD CONVENCIONAL,75.20782248
2022,CANARIAS,I. CRIMINALIDAD CONVENCIONAL,60.00352411
2022,CANTABRIA,I. CRIMINALIDAD CONVENCIONAL,50.86738014
2022,CASTILLA Y LEON,I. CRIMINALIDAD CONVENCIONAL,47.51795433
2022,CASTILLA - LA MANCHA,I. CRIMINALIDAD CONVENCIONAL,51.79188358
2022,CATALUÑA,I. CRIMINALIDAD CONVENCIONAL,73.5339293
2022,COMUNITAT VALENCIANA,I. CRIMINALIDAD CONVENCIONAL,65.39515873
2022,EXTREMADURA,I. CRIMINALIDAD CONVENCIONAL,44.48437699
2022,GALICIA,I. CRIMINALIDAD CONVENCIONAL,46.44656932
2022,MADRID (COMUNIDAD DE),I. CRIMINALIDAD CONVENCIONAL,66.55502259
2022,MURCIA (REGION DE),I. CRIMINALIDAD CONVENCIONAL,59.01565779
2022,NAVARRA (COMUNIDAD FORAL DE),I. CRIMINALIDAD CONVENCIONAL,62.55990376
2022,EUSKADI,I. CRIMINALIDAD CONVENCIONAL,57.37759889
2022,RIOJA (LA),I. CRIMINALIDAD CONVENCIONAL,49.69799537
2022,CIUDAD AUTÓNOMA DE CEUTA,I. CRIMINALIDAD CONVENCIONAL,55.50387968
2022,CIUDAD AUTÓNOMA DE MELILLA,I. CRIMINALIDAD CONVENCIONAL,64.4379935
2022,ESPAÑA,I. CRIMINALIDAD CONVENCIONAL,60.94174182
2021,ANDALUCÍA,I. CRIMINALIDAD CONVENCIONAL,68.01485705
2021,ARAGÓN,I. CRIMINALIDAD CONVENCIONAL,60.40786747
2021,ASTURIAS (PRINCIPADO DE),I. CRIMINALIDAD CONVENCIONAL,54.95466396
2021,BALEARS (ILLES),I. CRIMINALIDAD CONVENCIONAL,85.20782248
2021,CANARIAS,I. CRIMINALIDAD CONVENCIONAL,70.00352411
2021,CANTABRIA,I. CRIMINALIDAD CONVENCIONAL,60.86738014
2021,CASTILLA Y LEON,I. CRIMINALIDAD CONVENCIONAL,57.51795433
2021,CASTILLA - LA MANCHA,I. CRIMINALIDAD CONVENCIONAL,61.79188358
2021,CATALUÑA,I. CRIMINALIDAD CONVENCIONAL,83.5339293
2021,COMUNITAT VALENCIANA,I. CRIMINALIDAD CONVENCIONAL,75.39515873
2021,EXTREMADURA,I. CRIMINALIDAD CONVENCIONAL,54.48437699
2021,GALICIA,I. CRIMINALIDAD CONVENCIONAL,56.44656932
2021,MADRID (COMUNIDAD DE),I. CRIMINALIDAD CONVENCIONAL,76.55502259
2021,MURCIA (REGION DE),I. CRIMINALIDAD CONVENCIONAL,69.01565779
2021,NAVARRA (COMUNIDAD FORAL DE),I. CRIMINALIDAD CONVENCIONAL,72.55990376
2021,EUSKADI,I. CRIMINALIDAD CONVENCIONAL,67.37759889
2021,RIOJA (LA),I. CRIMINALIDAD CONVENCIONAL,59.69799537
2021,CIUDAD AUTÓNOMA DE CEUTA,I. CRIMINALIDAD CONVENCIONAL,65.50387968
2021,CIUDAD AUTÓNOMA DE MELILLA,I. CRIMINALIDAD CONVENCIONAL,74.4379935
2020,ESPAÑA,I. CRIMINALIDAD CONVENCIONAL,70.94174182
2020,ANDALUCÍA,I. CRIMINALIDAD CONVENCIONAL,78.01485705
2020,ARAGÓN,I. CRIMINALIDAD CONVENCIONAL,70.40786747
2020,ASTURIAS (PRINCIPADO DE),I. CRIMINALIDAD CONVENCIONAL,64.95466396
2020,BALEARS (ILLES),I. CRIMINALIDAD CONVENCIONAL,95.20782248
2020,CANARIAS,I. CRIMINALIDAD CONVENCIONAL,80.00352411
2020,CANTABRIA,I. CRIMINALIDAD CONVENCIONAL,70.86738014
2020,CASTILLA Y LEON,I. CRIMINALIDAD CONVENCIONAL,67.51795433
2020,CASTILLA - LA MANCHA,I. CRIMINALIDAD CONVENCIONAL,71.79188358
2020,CATALUÑA,I. CRIMINALIDAD CONVENCIONAL,93.5339293
2020,COMUNITAT VALENCIANA,I. CRIMINALIDAD CONVENCIONAL,85.39515873
2020,EXTREMADURA,I. CRIMINALIDAD CONVENCIONAL,64.48437699
2020,GALICIA,I. CRIMINALIDAD CONVENCIONAL,66.44656932
2020,MADRID (COMUNIDAD DE),I. CRIMINALIDAD CONVENCIONAL,86.55502259
2020,MURCIA (REGION DE),I. CRIMINALIDAD CONVENCIONAL,79.01565779
2020,NAVARRA (COMUNIDAD FORAL DE),I. CRIMINALIDAD CONVENCIONAL,82.55990376
2020,EUSKADI,I. CRIMINALIDAD CONVENCIONAL,77.37759889
2020,RIOJA (LA),I. CRIMINALIDAD CONVENCIONAL,69.69799537
2020,CIUDAD AUTÓNOMA DE CEUTA,I. CRIMINALIDAD CONVENCIONAL,75.50387968
2020,CIUDAD AUTÓNOMA DE MELILLA,I. CRIMINALIDAD CONVENCIONAL,84.4379935
2020,ESPAÑA,I. CRIMINALIDAD CONVENCIONAL,80.94174182
2019,ANDALUCÍA,I. CRIMINALIDAD CONVENCIONAL,88.01485705
2019,ARAGÓN,I. CRIMINALIDAD CONVENCIONAL,80.40786747
2019,ASTURIAS (PRINCIPADO DE),I. CRIMINALIDAD CONVENCIONAL,74.95466396
2019,BALEARS (ILLES),I. CRIMINALIDAD CONVENCIONAL,105.20782248
2019,CANARIAS,I. CRIMINALIDAD CONVENCIONAL,90.00352411
2019,CANTABRIA,I. CRIMINALIDAD CONVENCIONAL,80.86738014
2019,CASTILLA Y LEON,I. CRIMINALIDAD CONVENCIONAL,77.51795433
2019,CASTILLA - LA MANCHA,I. CRIMINALIDAD CONVENCIONAL,81.79188358
2019,CATALUÑA,I. CRIMINALIDAD CONVENCIONAL,103.5339293
2019,COMUNITAT VALENCIANA,I. CRIMINALIDAD CONVENCIONAL,95.39515873
2019,EXTREMADURA,I. CRIMINALIDAD CONVENCIONAL,74.48437699
2019,GALICIA,I. CRIMINALIDAD CONVENCIONAL,76.44656932
2019,MADRID (COMUNIDAD DE),I. CRIMINALIDAD CONVENCIONAL,96.55502259
2019,MURCIA (REGION DE),I. CRIMINALIDAD CONVENCIONAL,89.01565779
2019,NAVARRA (COMUNIDAD FORAL DE),I. CRIMINALIDAD CONVENCIONAL,92.55990376
2019,EUSKADI,I. CRIMINALIDAD CONVENCIONAL,87.37759889
2019,RIOJA (LA),I. CRIMINALIDAD CONVENCIONAL,79.69799537
2019,CIUDAD AUTÓNOMA DE CEUTA,I. CRIMINALIDAD CONVENCIONAL,85.50387968
2019,CIUDAD AUTÓNOMA DE MELILLA,I. CRIMINALIDAD CONVENCIONAL,94.4379935
2019,ESPAÑA,I. CRIMINALIDAD CONVENCIONAL,90.94174182
2024,ANDALUCÍA,II. CIBERCRIMINALIDAD,9.448598692
2024,ARAGÓN,II. CIBERCRIMINALIDAD,9.268336353
2024,ASTURIAS (PRINCIPADO DE),II. CIBERCRIMINALIDAD,9.206093482
2024,BALEARS (ILLES),II. CIBERCRIMINALIDAD,10.58946146
2024,CANARIAS,II. CIBERCRIMINALIDAD,7.481208433
2024,CANTABRIA,II. CIBERCRIMINALIDAD,11.03517292
2024,CASTILLA Y LEON,II. CIBERCRIMINALIDAD,10.69357255
2024,CASTILLA - LA MANCHA,II. CIBERCRIMINALIDAD,8.930063508
2024,CATALUÑA,II. CIBERCRIMINALIDAD,9.330756555
2024,COMUNITAT VALENCIANA,II. CIBERCRIMINALIDAD,8.985285251
2024,EXTREMADURA,II. CIBERCRIMINALIDAD,8.415020731
2024,GALICIA,II. CIBERCRIMINALIDAD,8.81244334
2024,MADRID (COMUNIDAD DE),II. CIBERCRIMINALIDAD,10.56983896
2024,MURCIA (REGION DE),II. CIBERCRIMINALIDAD,8.409391494
2024,NAVARRA (COMUNIDAD FORAL DE),II. CIBERCRIMINALIDAD,10.31344256
2024,EUSKADI,II. CIBERCRIMINALIDAD,11.60911175
2024,RIOJA (LA),II. CIBERCRIMINALIDAD,7.185595517
2024,CIUDAD AUTÓNOMA DE CEUTA,II. CIBERCRIMINALIDAD,7.280390842
2024,CIUDAD AUTÓNOMA DE MELILLA,II. CIBERCRIMINALIDAD,6.537389689
2024,ESPAÑA,II. CIBERCRIMINALIDAD,9.581261256
2023,ANDALUCÍA,II. CIBERCRIMINALIDAD,19.448598692
2023,ARAGÓN,II. CIBERCRIMINALIDAD,19.268336353
2023,ASTURIAS (PRINCIPADO DE),II. CIBERCRIMINALIDAD,19.206093482
2023,BALEARS (ILLES),II. CIBERCRIMINALIDAD,20.58946146
2023,CANARIAS,II. CIBERCRIMINALIDAD,17.481208433
2023,CANTABRIA,II. CIBERCRIMINALIDAD,21.03517292
2023,CASTILLA Y LEON,II. CIBERCRIMINALIDAD,20.69357255
2023,CASTILLA - LA MANCHA,II. CIBERCRIMINALIDAD,18.930063508
2023,CATALUÑA,II. CIBERCRIMINALIDAD,19.330756555
2023,COMUNITAT VALENCIANA,II. CIBERCRIMINALIDAD,18.985285251
2023,EXTREMADURA,II. CIBERCRIMINALIDAD,18.415020731
2023,GALICIA,II. CIBERCRIMINALIDAD,18.81244334
2023,MADRID (COMUNIDAD DE),II. CIBERCRIMINALIDAD,20.56983896
2023,MURCIA (REGION DE),II. CIBERCRIMINALIDAD,18.409391494
2023,NAVARRA (COMUNIDAD FORAL DE),II. CIBERCRIMINALIDAD,20.31344256
2023,EUSKADI,II. CIBERCRIMINALIDAD,21.60911175
2023,RIOJA (LA),II. CIBERCRIMINALIDAD,17.185595517
2023,CIUDAD AUTÓNOMA DE CEUTA,II. CIBERCRIMINALIDAD,17.280390842
2023,CIUDAD AUTÓNOMA DE MELILLA,II. CIBERCRIMINALIDAD,16.537389689
2022,ESPAÑA,II. CIBERCRIMINALIDAD,19.581261256
2022,ANDALUCÍA,II. CIBERCRIMINALIDAD,29.448598692
2022,ARAGÓN,II. CIBERCRIMINALIDAD,29.268336353
2022,ASTURIAS (PRINCIPADO DE),II. CIBERCRIMINALIDAD,29.206093482
2022,BALEARS (ILLES),II. CIBERCRIMINALIDAD,30.58946146
2022,CANARIAS,II. CIBERCRIMINALIDAD,27.481208433
2022,CANTABRIA,II. CIBERCRIMINALIDAD,31.03517292
2022,CASTILLA Y LEON,II. CIBERCRIMINALIDAD,30.69357255
2022,CASTILLA - LA MANCHA,II. CIBERCRIMINALIDAD,28.930063508
2022,CATALUÑA,II. CIBERCRIMINALIDAD,29.330756555
2022,COMUNITAT VALENCIANA,II. CIBERCRIMINALIDAD,28.985285251
2022,EXTREMADURA,II. CIBERCRIMINALIDAD,28.415020731
2022,GALICIA,II. CIBERCRIMINALIDAD,28.81244334
2022,MADRID (COMUNIDAD DE),II. CIBERCRIMINALIDAD,30.56983896
2022,MURCIA (REGION DE),II. CIBERCRIMINALIDAD,28.409391494
2022,NAVARRA (COMUNIDAD FORAL DE),II. CIBERCRIMINALIDAD,30.31344256
2022,EUSKADI,II. CIBERCRIMINALIDAD,31.60911175
2022,RIOJA (LA),II. CIBERCRIMINALIDAD,27.185595517
2022,CIUDAD AUTÓNOMA DE CEUTA,II. CIBERCRIMINALIDAD,27.280390842
2022,CIUDAD AUTÓNOMA DE MELILLA,II. CIBERCRIMINALIDAD,26.537389689
2022,ESPAÑA,II. CIBERCRIMINALIDAD,29.581261256
2021,ANDALUCÍA,II. CIBERCRIMINALIDAD,39.448598692
2021,ARAGÓN,II. CIBERCRIMINALIDAD,39.268336353
2021,ASTURIAS (PRINCIPADO DE),II. CIBERCRIMINALIDAD,39.206093482
2021,BALEARS (ILLES),II. CIBERCRIMINALIDAD,40.58946146
2021,CANARIAS,II. CIBERCRIMINALIDAD,37.481208433
2021,CANTABRIA,II. CIBERCRIMINALIDAD,41.03517292
2021,CASTILLA Y LEON,II. CIBERCRIMINALIDAD,40.69357255
2021,CASTILLA - LA MANCHA,II. CIBERCRIMINALIDAD,38.930063508
2021,CATALUÑA,II. CIBERCRIMINALIDAD,39.330756555
2021,COMUNITAT VALENCIANA,II. CIBERCRIMINALIDAD,38.985285251
2021,EXTREMADURA,II. CIBERCRIMINALIDAD,38.415020731
2021,GALICIA,II. CIBERCRIMINALIDAD,38.81244334
2021,MADRID (COMUNIDAD DE),II. CIBERCRIMINALIDAD,40.56983896
2021,MURCIA (REGION DE),II. CIBERCRIMINALIDAD,38.409391494
2021,NAVARRA (COMUNIDAD FORAL DE),II. CIBERCRIMINALIDAD,40.31344256
2021,EUSKADI,II. CIBERCRIMINALIDAD,41.60911175
2021,RIOJA (LA),II. CIBERCRIMINALIDAD,37.185595517
2021,CIUDAD AUTÓNOMA DE CEUTA,II. CIBERCRIMINALIDAD,37.280390842
2021,CIUDAD AUTÓNOMA DE MELILLA,II. CIBERCRIMINALIDAD,36.537389689
2020,ESPAÑA,II. CIBERCRIMINALIDAD,39.581261256
2020,ANDALUCÍA,II. CIBERCRIMINALIDAD,49.448598692
2020,ARAGÓN,II. CIBERCRIMINALIDAD,49.268336353
2020,ASTURIAS (PRINCIPADO DE),II. CIBERCRIMINALIDAD,49.206093482
2020,BALEARS (ILLES),II. CIBERCRIMINALIDAD,50.58946146
2020,CANARIAS,II. CIBERCRIMINALIDAD,47.481208433
2020,CANTABRIA,II. CIBERCRIMINALIDAD,51.03517292
2020,CASTILLA Y LEON,II. CIBERCRIMINALIDAD,50.69357255
2020,CASTILLA - LA MANCHA,II. CIBERCRIMINALIDAD,48.930063508
2020,CATALUÑA,II. CIBERCRIMINALIDAD,49.330756555
2020,COMUNITAT VALENCIANA,II. CIBERCRIMINALIDAD,48.985285251
2020,EXTREMADURA,II. CIBERCRIMINALIDAD,48.415020731
2020,GALICIA,II. CIBERCRIMINALIDAD,48.81244334
2020,MADRID (COMUNIDAD DE),II. CIBERCRIMINALIDAD,50.56983896
2020,MURCIA (REGION DE),II. CIBERCRIMINALIDAD,48.409391494
2020,NAVARRA (COMUNIDAD FORAL DE),II. CIBERCRIMINALIDAD,50.31344256
2020,EUSKADI,II. CIBERCRIMINALIDAD,51.60911175
2020,RIOJA (LA),II. CIBERCRIMINALIDAD,47.185595517
2020,CIUDAD AUTÓNOMA DE CEUTA,II. CIBERCRIMINALIDAD,47.280390842
2020,CIUDAD AUTÓNOMA DE MELILLA,II. CIBERCRIMINALIDAD,46.537389689
2020,ESPAÑA,II. CIBERCRIMINALIDAD,49.581261256
2019,ANDALUCÍA,II. CIBERCRIMINALIDAD,59.448598692
2019,ARAGÓN,II. CIBERCRIMINALIDAD,59.268336353
2019,ASTURIAS (PRINCIPADO DE),II. CIBERCRIMINALIDAD,59.206093482
2019,BALEARS (ILLES),II. CIBERCRIMINALIDAD,60.58946146
2019,CANARIAS,II. CIBERCRIMINALIDAD,57.481208433
2019,CANTABRIA,II. CIBERCRIMINALIDAD,61.03517292
2019,CASTILLA Y LEON,II. CIBERCRIMINALIDAD,60.69357255
2019,CASTILLA - LA MANCHA,II. CIBERCRIMINALIDAD,58.930063508
2019,CATALUÑA,II. CIBERCRIMINALIDAD,59.330756555
2019,COMUNITAT VALENCIANA,II. CIBERCRIMINALIDAD,58.985285251
2019,EXTREMADURA,II. CIBERCRIMINALIDAD,58.415020731
2019,GALICIA,II. CIBERCRIMINALIDAD,58.81244334
2019,MADRID (COMUNIDAD DE),II. CIBERCRIMINALIDAD,60.56983896
2019,MURCIA (REGION DE),II. CIBERCRIMINALIDAD,58.409391494
2019,NAVARRA (COMUNIDAD FORAL DE),II. CIBERCRIMINALIDAD,60.31344256
2019,EUSKADI,II. CIBERCRIMINALIDAD,61.60911175
2019,RIOJA (LA),II. CIBERCRIMINALIDAD,57.185595517
2019,CIUDAD AUTÓNOMA DE CEUTA,II. CIBERCRIMINALIDAD,57.280390842
2019,CIUDAD AUTÓNOMA DE MELILLA,II. CIBERCRIMINALIDAD,56.537389689
2019,ESPAÑA,II. CIBERCRIMINALIDAD,59.581261256
2024,ANDALUCÍA,III. TOTAL INFRACCIONES PENALES,47.46345574
2024,ARAGÓN,III. TOTAL INFRACCIONES PENALES,39.67620382
2024,ASTURIAS (PRINCIPADO DE),III. TOTAL INFRACCIONES PENALES,34.16075744
2024,BALEARS (ILLES),III. TOTAL INFRACCIONES PENALES,65.79728394
2024,CANARIAS,III. TOTAL INFRACCIONES PENALES,47.48473254
2024,CANTABRIA,III. TOTAL INFRACCIONES PENALES,41.90255307
2024,CASTILLA Y LEON,III. TOTAL INFRACCIONES PENALES,38.21152689
2024,CASTILLA - LA MANCHA,III. TOTAL INFRACCIONES PENALES,40.72194708
2024,CATALUÑA,III. TOTAL INFRACCIONES PENALES,62.86468585
2024,COMUNITAT VALENCIANA,III. TOTAL INFRACCIONES PENALES,54.38044398
2024,EXTREMADURA,III. TOTAL INFRACCIONES PENALES,32.89939772
2024,GALICIA,III. TOTAL INFRACCIONES PENALES,35.25901266
2024,MADRID (COMUNIDAD DE),III. TOTAL INFRACCIONES PENALES,57.12486155
2024,MURCIA (REGION DE),III. TOTAL INFRACCIONES PENALES,47.42504929
2024,NAVARRA (COMUNIDAD FORAL DE),III. TOTAL INFRACCIONES PENALES,52.87334633
2024,EUSKADI,III. TOTAL INFRACCIONES PENALES,48.98671064
2024,RIOJA (LA),III. TOTAL INFRACCIONES PENALES,36.88359089
2024,CIUDAD AUTÓNOMA DE CEUTA,III. TOTAL INFRACCIONES PENALES,42.78427052
2024,CIUDAD AUTÓNOMA DE MELILLA,III. TOTAL INFRACCIONES PENALES,50.97538319
2024,ESPAÑA,III. TOTAL INFRACCIONES PENALES,50.52300308
2023,ANDALUCÍA,III. TOTAL INFRACCIONES PENALES,57.46345574
2023,ARAGÓN,III. TOTAL INFRACCIONES PENALES,49.67620382
2023,ASTURIAS (PRINCIPADO DE),III. TOTAL INFRACCIONES PENALES,44.16075744
2023,BALEARS (ILLES),III. TOTAL INFRACCIONES PENALES,75.79728394
2023,CANARIAS,III. TOTAL INFRACCIONES PENALES,57.48473254
2023,CANTABRIA,III. TOTAL INFRACCIONES PENALES,51.90255307
2023,CASTILLA Y LEON,III. TOTAL INFRACCIONES PENALES,48.21152689
2023,CASTILLA - LA MANCHA,III. TOTAL INFRACCIONES PENALES,50.72194708
2023,CATALUÑA,III. TOTAL INFRACCIONES PENALES,72.86468585
2023,COMUNITAT VALENCIANA,III. TOTAL INFRACCIONES PENALES,64.38044398
2023,EXTREMADURA,III. TOTAL INFRACCIONES PENALES,42.89939772
2023,GALICIA,III. TOTAL INFRACCIONES PENALES,45.25901266
2023,MADRID (COMUNIDAD DE),III. TOTAL INFRACCIONES PENALES,67.12486155
2023,MURCIA (REGION DE),III. TOTAL INFRACCIONES PENALES,57.42504929
2023,NAVARRA (COMUNIDAD FORAL DE),III. TOTAL INFRACCIONES PENALES,62.87334633
2023,EUSKADI,III. TOTAL INFRACCIONES PENALES,58.98671064
2023,RIOJA (LA),III. TOTAL INFRACCIONES PENALES,46.88359089
2023,CIUDAD AUTÓNOMA DE CEUTA,III. TOTAL INFRACCIONES PENALES,52.78427052
2023,CIUDAD AUTÓNOMA DE MELILLA,III. TOTAL INFRACCIONES PENALES,60.97538319
2022,ESPAÑA,III. TOTAL INFRACCIONES PENALES,60.52300308
2022,ANDALUCÍA,III. TOTAL INFRACCIONES PENALES,67.46345574
2022,ARAGÓN,III. TOTAL INFRACCIONES PENALES,59.67620382
2022,ASTURIAS (PRINCIPADO DE),III. TOTAL INFRACCIONES PENALES,54.16075744
2022,BALEARS (ILLES),III. TOTAL INFRACCIONES PENALES,85.79728394
2022,CANARIAS,III. TOTAL INFRACCIONES PENALES,67.48473254
2022,CANTABRIA,III. TOTAL INFRACCIONES PENALES,61.90255307
2022,CASTILLA Y LEON,III. TOTAL INFRACCIONES PENALES,58.21152689
2022,CASTILLA - LA MANCHA,III. TOTAL INFRACCIONES PENALES,60.72194708
2022,CATALUÑA,III. TOTAL INFRACCIONES PENALES,82.86468585
2022,COMUNITAT VALENCIANA,III. TOTAL INFRACCIONES PENALES,74.38044398
2022,EXTREMADURA,III. TOTAL INFRACCIONES PENALES,52.89939772
2022,GALICIA,III. TOTAL INFRACCIONES PENALES,55.25901266
2022,MADRID (COMUNIDAD DE),III. TOTAL INFRACCIONES PENALES,77.12486155
2022,MURCIA (REGION DE),III. TOTAL INFRACCIONES PENALES,67.42504929
2022,NAVARRA (COMUNIDAD FORAL DE),III. TOTAL INFRACCIONES PENALES,72.87334633
2022,EUSKADI,III. TOTAL INFRACCIONES PENALES,68.98671064
2022,RIOJA (LA),III. TOTAL INFRACCIONES PENALES,56.88359089
2022,CIUDAD AUTÓNOMA DE CEUTA,III. TOTAL INFRACCIONES PENALES,62.78427052
2022,CIUDAD AUTÓNOMA DE MELILLA,III. TOTAL INFRACCIONES PENALES,70.97538319
2022,ESPAÑA,III. TOTAL INFRACCIONES PENALES,70.52300308
2021,ANDALUCÍA,III. TOTAL INFRACCIONES PENALES,77.46345574
2021,ARAGÓN,III. TOTAL INFRACCIONES PENALES,69.67620382
2021,ASTURIAS (PRINCIPADO DE),III. TOTAL INFRACCIONES PENALES,64.16075744
2021,BALEARS (ILLES),III. TOTAL INFRACCIONES PENALES,95.79728394
2021,CANARIAS,III. TOTAL INFRACCIONES PENALES,77.48473254
2021,CANTABRIA,III. TOTAL INFRACCIONES PENALES,71.90255307
2021,CASTILLA Y LEON,III. TOTAL INFRACCIONES PENALES,68.21152689
2021,CASTILLA - LA MANCHA,III. TOTAL INFRACCIONES PENALES,70.72194708
2021,CATALUÑA,III. TOTAL INFRACCIONES PENALES,92.86468585
2021,COMUNITAT VALENCIANA,III. TOTAL INFRACCIONES PENALES,84.38044398
2021,EXTREMADURA,III. TOTAL INFRACCIONES PENALES,62.89939772
2021,GALICIA,III. TOTAL INFRACCIONES PENALES,65.25901266
2021,MADRID (COMUNIDAD DE),III. TOTAL INFRACCIONES PENALES,87.12486155
2021,MURCIA (REGION DE),III. TOTAL INFRACCIONES PENALES,77.42504929
2021,NAVARRA (COMUNIDAD FORAL DE),III. TOTAL INFRACCIONES PENALES,82.87334633
2021,EUSKADI,III. TOTAL INFRACCIONES PENALES,78.98671064
2021,RIOJA (LA),III. TOTAL INFRACCIONES PENALES,66.88359089
2021,CIUDAD AUTÓNOMA DE CEUTA,III. TOTAL INFRACCIONES PENALES,72.78427052
2021,CIUDAD AUTÓNOMA DE MELILLA,III. TOTAL INFRACCIONES PENALES,80.97538319
2020,ESPAÑA,III. TOTAL INFRACCIONES PENALES,80.52300308
2020,ANDALUCÍA,III. TOTAL INFRACCIONES PENALES,87.46345574
2020,ARAGÓN,III. TOTAL INFRACCIONES PENALES,79.67620382
2020,ASTURIAS (PRINCIPADO DE),III. TOTAL INFRACCIONES PENALES,74.16075744
2020,BALEARS (ILLES),III. TOTAL INFRACCIONES PENALES,105.79728394
2020,CANARIAS,III. TOTAL INFRACCIONES PENALES,87.48473254
2020,CANTABRIA,III. TOTAL INFRACCIONES PENALES,81.90255307
2020,CASTILLA Y LEON,III. TOTAL INFRACCIONES PENALES,78.21152689
2020,CASTILLA - LA MANCHA,III. TOTAL INFRACCIONES PENALES,80.72194708
2020,CATALUÑA,III. TOTAL INFRACCIONES PENALES,102.86468585
2020,COMUNITAT VALENCIANA,III. TOTAL INFRACCIONES PENALES,94.38044398
2020,EXTREMADURA,III. TOTAL INFRACCIONES PENALES,72.89939772
2020,GALICIA,III. TOTAL INFRACCIONES PENALES,75.25901266
2020,MADRID (COMUNIDAD DE),III. TOTAL INFRACCIONES PENALES,97.12486155
2020,MURCIA (REGION DE),III. TOTAL INFRACCIONES PENALES,87.42504929
2020,NAVARRA (COMUNIDAD FORAL DE),III. TOTAL INFRACCIONES PENALES,92.87334633
2020,EUSKADI,III. TOTAL INFRACCIONES PENALES,88.98671064
2020,RIOJA (LA),III. TOTAL INFRACCIONES PENALES,76.88359089
2020,CIUDAD AUTÓNOMA DE CEUTA,III. TOTAL INFRACCIONES PENALES,82.78427052
2020,CIUDAD AUTÓNOMA DE MELILLA,III. TOTAL INFRACCIONES PENALES,90.97538319
2020,ESPAÑA,III. TOTAL INFRACCIONES PENALES,90.52300308
2019,ANDALUCÍA,III. TOTAL INFRACCIONES PENALES,97.46345574
2019,ARAGÓN,III. TOTAL INFRACCIONES PENALES,89.67620382
2019,ASTURIAS (PRINCIPADO DE),III. TOTAL INFRACCIONES PENALES,84.16075744
2019,BALEARS (ILLES),III. TOTAL INFRACCIONES PENALES,115.79728394
2019,CANARIAS,III. TOTAL INFRACCIONES PENALES,97.48473254
2019,CANTABRIA,III. TOTAL INFRACCIONES PENALES,91.90255307
2019,CASTILLA Y LEON,III. TOTAL INFRACCIONES PENALES,88.21152689
2019,CASTILLA - LA MANCHA,III. TOTAL INFRACCIONES PENALES,90.72194708
2019,CATALUÑA,III. TOTAL INFRACCIONES PENALES,112.86468585
2019,COMUNITAT VALENCIANA,III. TOTAL INFRACCIONES PENALES,104.38044398
2019,EXTREMADURA,III. TOTAL INFRACCIONES PENALES,82.89939772
2019,GALICIA,III. TOTAL INFRACCIONES PENALES,85.25901266
2019,MADRID (COMUNIDAD DE),III. TOTAL INFRACCIONES PENALES,107.12486155
2019,MURCIA (REGION DE),III. TOTAL INFRACCIONES PENALES,97.42504929
2019,NAVARRA (COMUNIDAD FORAL DE),III. TOTAL INFRACCIONES PENALES,102.87334633
2019,EUSKADI,III. TOTAL INFRACCIONES PENALES,98.98671064
2019,RIOJA (LA),III. TOTAL INFRACCIONES PENALES,86.88359089
2019,CIUDAD AUTÓNOMA DE CEUTA,III. TOTAL INFRACCIONES PENALES,92.78427052
2019,CIUDAD AUTÓNOMA DE MELILLA,III. TOTAL INFRACCIONES PENALES,100.97538319
2019,ESPAÑA,III. TOTAL INFRACCIONES PENALES,100.52300308
